id,name,model_id:id,group_id:id,perm_read,perm_write,perm_create,perm_unlink
access_maeknit_bom_request_all,maeknit.bom.request.all,model_maeknit_bom_request,,1,1,1,1
access_maeknit_bom_request_user,maeknit.bom.request.user,model_maeknit_bom_request,base.group_user,1,1,1,0
access_maeknit_bom_request_manager,maeknit.bom.request.manager,model_maeknit_bom_request,base.group_system,1,1,1,1
access_maeknit_bom_request_sales,maeknit.bom.request.sales,model_maeknit_bom_request,sales_team.group_sale_salesman,1,1,1,0
access_maeknit_bom_request_mrp_user,maeknit.bom.request.mrp.user,model_maeknit_bom_request,mrp.group_mrp_user,1,1,1,1
access_maeknit_bom_request_mrp_manager,maeknit.bom.request.mrp.manager,model_maeknit_bom_request,mrp.group_mrp_manager,1,1,1,1
access_maeknit_bom_request_line_all,maeknit.bom.request.line.all,model_maeknit_bom_request_line,,1,1,1,1
access_maeknit_bom_request_line_user,maeknit.bom.request.line.user,model_maeknit_bom_request_line,base.group_user,1,1,1,1
access_maeknit_bom_request_line_sales,maeknit.bom.request.line.sales,model_maeknit_bom_request_line,sales_team.group_sale_salesman,1,1,1,1
access_maeknit_bom_request_line_mrp_user,maeknit.bom.request.line.mrp.user,model_maeknit_bom_request_line,mrp.group_mrp_user,1,1,1,1
access_maeknit_bom_request_line_mrp_manager,maeknit.bom.request.line.mrp.manager,model_maeknit_bom_request_line,mrp.group_mrp_manager,1,1,1,1
access_maeknit_bom_request_operation_all,maeknit.bom.request.operation.all,model_maeknit_bom_request_operation,,1,1,1,1
access_maeknit_bom_request_operation_user,maeknit.bom.request.operation.user,model_maeknit_bom_request_operation,base.group_user,1,1,1,1
access_maeknit_bom_request_operation_sales,maeknit.bom.request.operation.sales,model_maeknit_bom_request_operation,sales_team.group_sale_salesman,1,1,1,1
access_maeknit_bom_request_operation_mrp_user,maeknit.bom.request.operation.mrp.user,model_maeknit_bom_request_operation,mrp.group_mrp_user,1,1,1,1
access_maeknit_bom_request_operation_mrp_manager,maeknit.bom.request.operation.mrp.manager,model_maeknit_bom_request_operation,mrp.group_mrp_manager,1,1,1,1
access_revision_request_wizard_all,revision.request.wizard.all,model_revision_request_wizard,,1,1,1,1
access_revision_request_wizard_user,revision.request.wizard.user,model_revision_request_wizard,base.group_user,1,1,1,1
access_revision_request_wizard_sales,revision.request.wizard.sales,model_revision_request_wizard,sales_team.group_sale_salesman,1,1,1,1
access_operation_attachment_wizard_all,operation.attachment.wizard.all,model_operation_attachment_wizard,,1,1,1,1
access_operation_attachment_wizard_user,operation.attachment.wizard.user,model_operation_attachment_wizard,base.group_user,1,1,1,1
access_operation_attachment_wizard_sales,operation.attachment.wizard.sales,model_operation_attachment_wizard,sales_team.group_sale_salesman,1,1,1,1
access_operation_attachment_wizard_mrp_user,operation.attachment.wizard.mrp.user,model_operation_attachment_wizard,mrp.group_mrp_user,1,1,1,1
access_operation_attachment_wizard_mrp_manager,operation.attachment.wizard.mrp.manager,model_operation_attachment_wizard,mrp.group_mrp_manager,1,1,1,1
access_grading_size_wizard_all,grading.size.wizard.all,model_grading_size_wizard,,1,1,1,1
access_grading_size_wizard_user,grading.size.wizard.user,model_grading_size_wizard,base.group_user,1,1,1,1
access_grading_size_wizard_sales,grading.size.wizard.sales,model_grading_size_wizard,sales_team.group_sale_salesman,1,1,1,1
access_maeknit_yarn_orchestration_all,maeknit.yarn.orchestration.all,model_maeknit_yarn_orchestration,,1,1,1,1
access_maeknit_yarn_orchestration_user,maeknit.yarn.orchestration.user,model_maeknit_yarn_orchestration,base.group_user,1,1,1,1
access_maeknit_yarn_orchestration_sales,maeknit.yarn.orchestration.sales,model_maeknit_yarn_orchestration,sales_team.group_sale_salesman,1,1,1,1
access_maeknit_yarn_orchestration_mrp_user,maeknit.yarn.orchestration.mrp.user,model_maeknit_yarn_orchestration,mrp.group_mrp_user,1,1,1,1
access_maeknit_yarn_orchestration_mrp_manager,maeknit.yarn.orchestration.mrp.manager,model_maeknit_yarn_orchestration,mrp.group_mrp_manager,1,1,1,1
access_client_attachment_wizard_all,client.attachment.wizard.all,model_client_attachment_wizard,,1,1,1,1
access_client_attachment_wizard_user,client.attachment.wizard.user,model_client_attachment_wizard,base.group_user,1,1,1,1
access_client_attachment_wizard_sales,client.attachment.wizard.sales,model_client_attachment_wizard,sales_team.group_sale_salesman,1,1,1,1
access_client_attachment_wizard_mrp_user,client.attachment.wizard.mrp.user,model_client_attachment_wizard,mrp.group_mrp_user,1,1,1,1
access_client_attachment_wizard_mrp_manager,client.attachment.wizard.mrp.manager,model_client_attachment_wizard,mrp.group_mrp_manager,1,1,1,1
access_production_ready_wizard_all,production.ready.wizard.all,model_production_ready_wizard,,1,1,1,1
access_production_ready_wizard_user,production.ready.wizard.user,model_production_ready_wizard,base.group_user,1,1,1,1
access_production_ready_wizard_sales,production.ready.wizard.sales,model_production_ready_wizard,sales_team.group_sale_salesman,1,1,1,1
access_grading_wizard_all,production.ready.wizard.all,model_grading_wizard,,1,1,1,1
access_grading_wizard_user,production.ready.wizard.user,model_grading_wizard,base.group_user,1,1,1,1
access_grading_wizard_sales,production.ready.wizard.sales,model_grading_wizard,sales_team.group_sale_salesman,1,1,1,1
access_maeknit_structure_line_all,maeknit.structure.line.all,model_grading_wizard,,1,1,1,1
access_maeknit_structure_line_user,maeknit.structure.line.user,model_maeknit_structure_line,base.group_user,1,1,1,1
access_maeknit_structure_line_sales,maeknit.structure.line.sales,model_maeknit_structure_line,sales_team.group_sale_salesman,1,1,1,1
access_sale_order_line_pricing_all,sale.order.line.pricing.all,model_sale_order_line_pricing,,1,1,1,1
access_sale_order_line_pricing_user,sale.order.line.pricing.user,model_sale_order_line_pricing,base.group_user,1,1,1,1
access_sale_order_line_pricing_sales,sale.order.line.pricing.sales,model_sale_order_line_pricing,sales_team.group_sale_salesman,1,1,1,1
access_sale_order_line_pricing_operation_all,sale.order.line.pricing.operation.all,model_sale_order_line_pricing_operation,,1,1,1,1
access_sale_order_line_pricing_operation_user,sale.order.line.pricing.operation.user,model_sale_order_line_pricing_operation,base.group_user,1,1,1,1
access_sale_order_line_pricing_operation_sales,sale.order.line.pricing.operation.sales,model_sale_order_line_pricing_operation,sales_team.group_sale_salesman,1,1,1,1
access_bom_duplicate_wizard_all,bom.duplicate.wizard.all,model_bom_duplicate_wizard,,1,1,1,1
access_bom_duplicate_wizard_user,bom.duplicate.wizard.user,model_bom_duplicate_wizard,base.group_user,1,1,1,1
access_bom_duplicate_wizard_sales,bom.duplicate.wizard.sales,model_bom_duplicate_wizard,sales_team.group_sale_salesman,1,1,1,1
access_bom_duplicate_wizard_mrp_user,bom.duplicate.wizard.mrp.user,model_bom_duplicate_wizard,mrp.group_mrp_user,1,1,1,1
access_bom_duplicate_wizard_mrp_manager,bom.duplicate.wizard.mrp.manager,model_bom_duplicate_wizard,mrp.group_mrp_manager,1,1,1,1
